{
	"$schema": "http://schema.management.azure.com/schemas/2015-01-01/deploymentTemplate.json#",
	"contentVersion": "1.0.0.0",
	"parameters": {
		"factoryName": {
			"type": "string",
			"metadata": "Data Factory name"
		},
		"caappmeta": {
			"type": "string"
		},
		"adls_dataccelerr267cb5wtgfxg": {
			"type": "string"
		},
		"AzureSqlDatabaseAdworksLT": {
			"type": "string"
		}
	},
	"variables": {
		"factoryId": "[concat('Microsoft.DataFactory/factories/', parameters('factoryName'))]"
	},
	"resources": [
		{
			"name": "[concat(parameters('factoryName'), '/BulkCopyfromDB_with_ControlTable')]",
			"type": "Microsoft.DataFactory/factories/pipelines",
			"apiVersion": "2018-06-01",
			"properties": {
				"description": "Copy huge amount of data in bulk from database using external control table to store source table list with partitions for each table.\n\nWhen you want to migrate data from your Azure Synapse Analytics like Oracle server, Netezza server, Teradata server or SQL Server to Azure, you have to load huge amount of data from multiple tables in data sources. In most cases, data has to be further partitioned in each table so that you can load rows with multiple threads in parallel from single table.",
				"activities": [
					{
						"name": "GetPartitionList",
						"description": "Lookup activity to retrieve the list of partitions stored in the external control table.",
						"type": "Lookup",
						"dependsOn": [],
						"policy": {
							"timeout": "7.00:00:00",
							"retry": 0,
							"retryIntervalInSeconds": 30,
							"secureOutput": false,
							"secureInput": false
						},
						"userProperties": [],
						"typeProperties": {
							"source": {
								"type": "SqlSource",
								"sqlReaderQuery": {
									"value": "select PartitionID, SourceTableName, FilterQuery, DestinationContainer, concat(ProjectName,'/',SubjectArea,'/',SourceSystem,'/',SourceDatabase,'/',SourceSchemaName,'/',SourceTableName) as DestinationDirectory, GETDATE() as Timestamp from @{pipeline().parameters.Control_Table_Name}",
									"type": "Expression"
								},
								"partitionOption": "None"
							},
							"dataset": {
								"referenceName": "AzureSqlDatabaseExternal_ControlTable",
								"type": "DatasetReference",
								"parameters": {
									"TableName": {
										"value": "@pipeline().parameters.Control_Table_Name",
										"type": "Expression"
									}
								}
							},
							"firstRowOnly": false
						}
					},
					{
						"name": "ForEachPartition",
						"description": "ForEach activity to get the partition list from Lookup activity and then iterate each of them to Copy activity. ",
						"type": "ForEach",
						"dependsOn": [
							{
								"activity": "GetPartitionList",
								"dependencyConditions": [
									"Succeeded"
								]
							}
						],
						"userProperties": [],
						"typeProperties": {
							"items": {
								"value": "@activity('GetPartitionList').output.value",
								"type": "Expression"
							},
							"batchCount": 5,
							"activities": [
								{
									"name": "CopyOnePartition",
									"description": "Copy activity to copy each partition from source database store to destination store.",
									"type": "Copy",
									"dependsOn": [],
									"policy": {
										"timeout": "7.00:00:00",
										"retry": 0,
										"retryIntervalInSeconds": 30,
										"secureOutput": false,
										"secureInput": false
									},
									"userProperties": [],
									"typeProperties": {
										"source": {
											"type": "AzureSqlSource",
											"sqlReaderQuery": {
												"value": "@item().FilterQuery",
												"type": "Expression"
											},
											"queryTimeout": "02:00:00",
											"partitionOption": "None"
										},
										"sink": {
											"type": "DelimitedTextSink",
											"storeSettings": {
												"type": "AzureBlobFSWriteSettings"
											},
											"formatSettings": {
												"type": "DelimitedTextWriteSettings",
												"quoteAllText": true,
												"fileExtension": ".csv"
											}
										},
										"enableStaging": false,
										"dataIntegrationUnits": 0
									},
									"inputs": [
										{
											"referenceName": "AzureSqlTableAdworksLT",
											"type": "DatasetReference"
										}
									],
									"outputs": [
										{
											"referenceName": "DataDestination",
											"type": "DatasetReference",
											"parameters": {
												"Data_Destination_Container": {
													"value": "@item().DestinationContainer",
													"type": "Expression"
												},
												"Data_Destination_Directory": {
													"value": "@item().DestinationDirectory",
													"type": "Expression"
												},
												"Data_Destination_Filename": {
													"value": "@item().SourceTableName",
													"type": "Expression"
												},
												"Data_Destination_Timestamp": {
													"value": "@item().Timestamp",
													"type": "Expression"
												}
											}
										}
									]
								}
							]
						}
					},
					{
						"name": "CopyControlTableToADLS",
						"type": "Copy",
						"dependsOn": [
							{
								"activity": "ForEachPartition",
								"dependencyConditions": [
									"Succeeded"
								]
							}
						],
						"policy": {
							"timeout": "7.00:00:00",
							"retry": 0,
							"retryIntervalInSeconds": 30,
							"secureOutput": false,
							"secureInput": false
						},
						"userProperties": [],
						"typeProperties": {
							"source": {
								"type": "AzureSqlSource",
								"sqlReaderQuery": {
									"value": "select * from @{pipeline().parameters.Control_Table_Name}",
									"type": "Expression"
								},
								"queryTimeout": "02:00:00",
								"partitionOption": "None"
							},
							"sink": {
								"type": "DelimitedTextSink",
								"storeSettings": {
									"type": "AzureBlobFSWriteSettings"
								},
								"formatSettings": {
									"type": "DelimitedTextWriteSettings",
									"quoteAllText": true,
									"fileExtension": ".csv"
								}
							},
							"enableStaging": false,
							"translator": {
								"type": "TabularTranslator",
								"typeConversion": true,
								"typeConversionSettings": {
									"allowDataTruncation": true,
									"treatBooleanAsNumber": false
								}
							}
						},
						"inputs": [
							{
								"referenceName": "AzureSqlDatabaseExternal_ControlTable",
								"type": "DatasetReference",
								"parameters": {
									"TableName": {
										"value": "@pipeline().parameters.Control_Table_Name",
										"type": "Expression"
									}
								}
							}
						],
						"outputs": [
							{
								"referenceName": "DelimitedTextControlTable",
								"type": "DatasetReference",
								"parameters": {
									"Control_Table_Name": "@pipeline().parameters.Control_Table_Name"
								}
							}
						]
					}
				],
				"parameters": {
					"Control_Table_Name": {
						"type": "String"
					}
				},
				"annotations": [],
				"lastPublishTime": "2021-07-02T22:27:17Z"
			},
			"dependsOn": [
				"[concat(variables('factoryId'), '/datasets/AzureSqlDatabaseExternal_ControlTable')]",
				"[concat(variables('factoryId'), '/datasets/DelimitedTextControlTable')]",
				"[concat(variables('factoryId'), '/datasets/AzureSqlTableAdworksLT')]",
				"[concat(variables('factoryId'), '/datasets/DataDestination')]"
			]
		},
		{
			"name": "[concat(parameters('factoryName'), '/AzureSqlDatabaseExternal_ControlTable')]",
			"type": "Microsoft.DataFactory/factories/datasets",
			"apiVersion": "2018-06-01",
			"properties": {
				"description": "The external control table is used to store the partition list of data source tables.",
				"linkedServiceName": {
					"referenceName": "[parameters('caappmeta')]",
					"type": "LinkedServiceReference"
				},
				"parameters": {
					"TableName": {
						"type": "String"
					}
				},
				"annotations": [],
				"type": "AzureSqlTable",
				"schema": [],
				"typeProperties": {
					"schema": "dbo",
					"table": {
						"value": "@dataset().TableName",
						"type": "Expression"
					}
				}
			},
			"dependsOn": []
		},
		{
			"name": "[concat(parameters('factoryName'), '/DelimitedTextControlTable')]",
			"type": "Microsoft.DataFactory/factories/datasets",
			"apiVersion": "2018-06-01",
			"properties": {
				"linkedServiceName": {
					"referenceName": "[parameters('adls_dataccelerr267cb5wtgfxg')]",
					"type": "LinkedServiceReference"
				},
				"parameters": {
					"Control_Table_Name": {
						"type": "string"
					}
				},
				"annotations": [],
				"type": "DelimitedText",
				"typeProperties": {
					"location": {
						"type": "AzureBlobFSLocation",
						"fileName": {
							"value": "@concat(dataset().Control_Table_Name,'.csv')\n",
							"type": "Expression"
						},
						"folderPath": "ControlTables",
						"fileSystem": "app"
					},
					"columnDelimiter": ",",
					"escapeChar": "\\",
					"firstRowAsHeader": true,
					"quoteChar": "\""
				},
				"schema": []
			},
			"dependsOn": []
		},
		{
			"name": "[concat(parameters('factoryName'), '/AzureSqlTableAdworksLT')]",
			"type": "Microsoft.DataFactory/factories/datasets",
			"apiVersion": "2018-06-01",
			"properties": {
				"linkedServiceName": {
					"referenceName": "[parameters('AzureSqlDatabaseAdworksLT')]",
					"type": "LinkedServiceReference"
				},
				"annotations": [],
				"type": "AzureSqlTable",
				"schema": [
					{
						"name": "AddressID",
						"type": "int",
						"precision": 10
					},
					{
						"name": "AddressLine1",
						"type": "nvarchar"
					},
					{
						"name": "AddressLine2",
						"type": "nvarchar"
					},
					{
						"name": "City",
						"type": "nvarchar"
					},
					{
						"name": "StateProvince",
						"type": "nvarchar"
					},
					{
						"name": "CountryRegion",
						"type": "nvarchar"
					},
					{
						"name": "PostalCode",
						"type": "nvarchar"
					},
					{
						"name": "rowguid",
						"type": "uniqueidentifier"
					},
					{
						"name": "ModifiedDate",
						"type": "datetime",
						"precision": 23,
						"scale": 3
					}
				],
				"typeProperties": {
					"schema": "SalesLT",
					"table": "Address"
				}
			},
			"dependsOn": []
		},
		{
			"name": "[concat(parameters('factoryName'), '/DataDestination')]",
			"type": "Microsoft.DataFactory/factories/datasets",
			"apiVersion": "2018-06-01",
			"properties": {
				"description": "Connection to your data destination store.",
				"linkedServiceName": {
					"referenceName": "[parameters('adls_dataccelerr267cb5wtgfxg')]",
					"type": "LinkedServiceReference"
				},
				"parameters": {
					"Data_Destination_Container": {
						"type": "String"
					},
					"Data_Destination_Directory": {
						"type": "String"
					},
					"Data_Destination_Filename": {
						"type": "string"
					},
					"Data_Destination_Timestamp": {
						"type": "string"
					}
				},
				"annotations": [],
				"type": "DelimitedText",
				"typeProperties": {
					"location": {
						"type": "AzureBlobFSLocation",
						"fileName": {
							"value": "@concat(dataset().Data_Destination_Filename,'_',dataset().Data_Destination_Timestamp,'.csv')",
							"type": "Expression"
						},
						"folderPath": {
							"value": "@{dataset().Data_Destination_Directory}",
							"type": "Expression"
						},
						"fileSystem": {
							"value": "@{dataset().Data_Destination_Container}",
							"type": "Expression"
						}
					},
					"columnDelimiter": ",",
					"escapeChar": "\\",
					"firstRowAsHeader": true,
					"quoteChar": "\""
				},
				"schema": []
			},
			"dependsOn": []
		}
	]
}